user_id,review,age,gender,region
32213f7a-80a8-41ce-adfc-86e4a4c0b144,Perfectly met my needs.,34,Male,Europe
fc4f130b-e736-4e7e-a976-2f3d3dec122f,Barely functional.,46,Female,Africa
93a3962c-8d12-4a7c-b650-2de8b49d7b8a,Loud but effective.,19,Male,Europe
bbe26ece-45ae-4a02-9710-fc5a24faa4ac,Absolutely horrible experience overall.,70,Female,Australia
9316a676-0104-4765-913e-4d3d5bc688ba,"Unboxing was a joy, really well presented.",70,Female,Africa
0b0f2f84-ca29-42ac-8bbf-b4396179fac3,Total letdown—returning it.,36,Male,Africa
96e69717-ef3b-4718-b4f0-c3d676fbc8c1,Returned it the next day. Didn’t work.,33,Male,North America
c47d0b14-84b5-4ba4-8965-c437c7f8db23,Don’t waste your money.,60,Female,Africa
6b9d2b96-a510-4d05-a10a-ad6eaf8c0b49,Packaging was poor but the item works fine.,26,Female,Africa
ec698c47-61b4-4f1b-91c5-c762c2538eff,Great for travel use.,36,Male,Asia
558ac8a4-0cc8-41d9-ac6a-f011f8dce41a,Came with missing parts.,52,Female,Australia
30ccfc6a-2d0f-4015-b791-de7b32dbc9bb,Nice design but lacks features.,44,Male,North America
94c2aa74-6d49-42a2-9b9e-61bd7d392d72,"Had high hopes, left underwhelmed.",69,Male,Europe
4b84ff7e-b20a-492d-bf92-912dab09cfe4,Amazing performance right out of the box.,38,Male,Asia
19b3cc5a-792e-4bbe-b882-7b864c3bd2d3,Love how compact it is.,32,Female,Australia
b062409c-e323-4f6d-8361-2bb5f5ef21fc,Too bulky for everyday use.,63,Female,Africa
5c7f7540-6e6e-4f22-95e4-e7add6f850f6,Didn’t live up to the hype.,33,Male,Europe
8542d7b1-81c5-486c-ad0c-908cbe97aec0,Exceeded my expectations in every way.,47,Female,Australia
4a3ab626-7be9-4d90-9b5e-cfefecc23595,"Nothing special, pretty average.",39,Male,Africa
f91bb740-868d-499d-8fbb-88232c07f04a,Wasn’t compatible with my setup.,52,Female,Africa
e65ebdde-e364-4962-92a0-aa33684feadb,Left a lot to be desired.,33,Male,Australia
ea05a2d0-a21c-4321-9b7a-cf107a706b07,Best product in this category.,49,Female,Africa
08844919-5989-4747-a24e-2fd942915621,Awesome results with minimal effort.,50,Female,Australia
2a9829af-5670-4a86-be62-8f96334c6c85,Great value for what you get.,33,Male,Asia
c48f223b-9321-468c-9c10-b96c2991a92b,Not impressed—feels cheaply made.,60,Male,North America
e1b87777-e188-4797-b5af-f4f47566a523,Fantastic experience from start to finish.,20,Male,Europe
7a02c33e-8a0f-43d6-833e-270f450adc0b,Disappointed—expected more from this brand.,65,Male,Africa
0ddd8352-3344-42fa-8d57-d7221e8b62ed,I regret this purchase.,26,Female,Australia
2aff8a91-e61c-4240-9e83-2be017f76f94,Customer support was very helpful.,57,Male,North America
4e518b72-058b-4581-90c6-0ba4e4b0f6f6,Perfect gift for a friend!,21,Male,Australia
83528984-30f2-49ff-bc06-11ad600eb7ff,Feels sturdy and dependable.,25,Male,Australia
2b6557dc-926d-447d-83fd-d5f43933bd95,Made a huge difference in my routine.,27,Male,Asia
b3ca2b88-ddf1-43d7-94e8-7e6466c06337,Hard to find something this good at this price.,34,Male,South America
1ea3046c-0f54-4b66-9a1e-0739297842fd,"Just okay, not bad but not great either.",32,Male,Asia
c55335ca-5a89-4543-acfb-31fd325bb6ab,"Could be better, especially the battery life.",56,Female,Australia
1abd9c4a-06c0-4f73-9bb9-70dc484ef0a2,Better than competitors I’ve tried.,20,Female,Asia
64c78939-d6fe-47b9-bc4a-b2206a6b6c56,Not as advertised.,25,Male,Europe
538aed6f-3297-4dc7-a7fc-a93bff200194,"Good, but not great for the price.",21,Female,Australia
abc10539-531f-4660-a8b8-68629a208a87,Was skeptical but pleasantly surprised.,35,Female,Africa
32b24c03-b407-4591-b692-af2cf55519cf,The product didn’t match the description.,49,Female,Africa
33d34d34-92c6-4881-ae8c-3592b83a27b4,Mediocre at best.,41,Female,South America
02572ee5-054d-48ac-b3aa-1a0add9994da,"Sleek, modern, and functional.",62,Female,Africa
a412e5a6-6d37-46c8-b143-36aa4ac4ca06,Not great. Wouldn’t buy again.,59,Male,Asia
8ea7f8d1-76dd-493b-8f70-a69cd3ebb9db,Hard to beat this for the price.,41,Male,South America
17aa38ca-eb30-49c8-997a-f9fe6107e409,Decent but noisy.,37,Female,Europe
037bc805-2c42-4cea-86f0-15a44dc04b0d,One of the best I’ve tried.,31,Female,South America
c411e158-04b4-4ad8-973c-935163f7ac4a,My expectations were exceeded.,34,Male,Asia
bc177570-957f-4d24-8569-0cdac3c00537,Reliable and efficient device.,51,Female,South America
3ba5f28b-ac96-417d-91ce-fbcd9980dffb,Very disappointing in practice.,54,Female,Africa
8bbdbcb6-cc79-4dd9-a538-03756e783f46,Took some getting used to but now I love it.,57,Female,South America
517cb56c-9b1e-43e6-929f-1852003a4dd7,Feels cheap but gets the job done.,44,Male,Asia
6897d61b-a274-441a-bd98-db640e31e7da,Didn’t like the material.,63,Female,South America
0da86cba-2b81-43c6-883a-c2ef6dce2048,Took a while to arrive but worth the wait.,32,Male,Europe
7521680d-1fb0-46c9-8a99-148e845a5cf5,Discovered a flaw after a few days.,44,Female,Africa
2d2f3906-f114-471a-b44b-13957455d1c2,Impressed with the durability.,49,Male,Australia
454400ac-c0f4-4e40-ada3-1a53da35879d,Smooth performance so far.,55,Female,Europe
984afa6c-cc1a-410c-b147-d1bd42861e0d,You get what you pay for.,35,Female,Asia
a3d3b931-a29c-4b25-93ab-58f7a7d29324,Very ergonomic and smartly designed.,55,Female,Asia
2c232828-2c14-48e8-907d-c9164853b7d7,Low-quality materials unfortunately.,61,Male,South America
b648f74e-cff2-4f83-a22b-77d31b268b00,I use it every day and love it.,38,Female,Australia
03c8efe5-abab-47d8-abe7-be543f0869d1,Elegant and user-friendly.,41,Male,Europe
203d7406-fc86-4432-bd0c-1ab989fd3641,Stylish and very effective.,29,Male,South America
19b90df2-710d-4feb-b3b2-e5676d88a871,Surprisingly good for the price.,38,Female,Australia
adb0b634-2d24-45a0-89eb-f5869d42345d,"Short battery life, otherwise solid.",21,Female,Europe
244508d1-29a9-476f-9210-645dd15e8a10,It broke within a month.,50,Male,Australia
933bdb73-9cd2-48fe-8dd9-cb8375ab90c5,This was a game-changer for me.,19,Female,South America
35615f95-f68f-4c88-9b39-a16a72d93290,Somewhat unreliable under pressure.,49,Female,Australia
7bc31f8c-f179-48e3-9512-e406b6e14493,Not user-friendly at all.,30,Male,Africa
6aa0d97a-c09b-4447-b0ac-030a221c59fe,My new favorite product!,53,Female,South America
9dd4b8d7-4ba8-4fe2-a799-cd5dd6fca455,Much better than I thought it would be.,68,Male,Europe
36df4533-841c-4500-8a58-a83009f19d13,Decent choice for beginners.,52,Female,South America
1d7786e0-e60e-415e-b9be-c0b8220de057,Love the design and ease of use!,29,Male,Africa
3b1a0da4-9438-42bb-a0b4-4f2802eba0b9,Truly impressive performance.,36,Male,Australia
4c737a29-0325-4a76-aa29-6372af9a535c,Does exactly what it promises.,23,Male,Asia
bb31515f-5120-43ed-a763-4f2ea5c3eb3d,The product quality is top-notch.,28,Female,South America
3c1f44ae-7853-49cc-a26b-d7897d7cf0ea,Portable and very functional.,47,Female,North America
ba0b4f87-d518-4a71-8750-36f3d416a6f9,Malfunctioned after a week of use.,28,Female,North America
79173676-1c34-4fa7-b0e0-7daf558d84bd,Everything I hoped it would be.,43,Male,Australia
abc70dc0-dbe4-47da-be1d-e027e8ee45ec,Way too expensive for what it offers.,65,Female,Africa
d1d0e20f-22eb-4546-af0c-1398a5279f1f,"It’s okay, just not for me.",26,Male,Africa
33b0b14e-6d82-4599-aefe-06f2c502d23d,Stood up to heavy use without issue.,19,Female,Europe
bfe5d869-a78a-4825-a82b-356a334e1c29,Blown away by how good this is.,62,Female,Europe
25398f64-d2dd-4555-ae08-7aad05e5f696,Easy setup and works like a charm.,65,Male,Europe
b999a4f7-3069-4f25-abc1-03eb10f358eb,Really intuitive to use.,59,Female,North America
f93f0e28-0292-4b13-b582-d2f901546146,Game-changing convenience.,39,Female,South America
ffff34ac-9a08-4743-b54e-1d4bc4be9b8f,A bit noisy but works well.,61,Female,North America
9901eba5-072f-4f87-ac69-176f36486e00,Perfect for daily use—highly recommend.,21,Male,North America
0c2453fa-2fa6-4136-884a-5cb4de8591bc,Feels premium and well-crafted.,46,Male,Europe
ee123779-d8bd-40fa-ac04-59f91ff097c3,Difficult to clean and maintain.,41,Female,Australia
a2c6a9dd-d9fd-4410-974e-054fb3f4680f,Looks great on my desk.,19,Female,Europe
0ecedae1-71c5-4335-9cac-7fe986e54034,Not intuitive and lacks support.,58,Female,North America
6dfbdcb4-c3b3-4390-afc5-22159b554c15,Great customer experience overall.,63,Female,Australia
66440997-f9e3-4b0c-b44c-3df0a62aec95,Setup instructions were confusing.,63,Male,Europe
7c0fd818-21bb-48ff-9b51-69372d42f1e9,Good for simple tasks only.,47,Female,North America
5c4ad22a-9c8b-42e0-adbe-ac4258e7d292,Shipping was faster than expected.,46,Female,Asia
020ec165-f5ba-467d-8c46-7f3ede9f596d,Outperformed my old one easily.,36,Male,Africa
47bc4c32-2fb3-45d9-860a-bfa09c4dcffd,Loved it so much I bought another.,63,Male,Europe
89827f1c-96ec-410b-a292-35c081264f88,Painfully slow to operate.,33,Female,Asia
a8eadfa3-30fe-4585-ac71-1c6224f5a6a9,A hassle to get working.,45,Male,Africa
bbf1ee95-d4c0-4b82-8c21-bcbeaad34617,Very powerful for its size.,32,Male,North America